{
  "navigationBarTitleText": "个人中心",
  "navigationStyle": "custom",
  "usingComponents": {
    "t-popup": "tdesign-miniprogram/popup/popup",
    "t-icon": "tdesign-miniprogram/icon/icon",
    "t-user-center-card": "./components/user-center-card/index",
    "t-toast": "tdesign-miniprogram/toast/toast",
    "t-col": "tdesign-miniprogram/col/col",
    "t-row": "tdesign-miniprogram/row/row",
    "t-button": "tdesign-miniprogram/button/button",
    "t-grid": "tdesign-miniprogram/grid/grid",
    "t-grid-item": "tdesign-miniprogram/grid-item/grid-item"
  },
  "enablePullDownRefresh": true
}