{
  "description": "",
  "packOptions": {
    "ignore": [],
    "include": []
  },
  "setting": {
    "urlCheck": true,
    "es6": true,
    "enhance": true,
    "postcss": true,
    "preloadBackgroundData": false,
    "minified": true,
    "newFeature": false,
    "coverView": true,
    "nodeModules": true,
    "autoAudits": false,
    "showShadowRootInWxmlPanel": true,
    "scopeDataCheck": false,
    "uglifyFileName": false,
    "checkInvalidKey": true,
    "checkSiteMap": true,
    "uploadWithSourceMap": true,
    "compileHotReLoad": false,
    "lazyloadPlaceholderEnable": false,
    "useMultiFrameRuntime": true,
    "useApiHook": true,
    "useApiHostProcess": true,
    "ignoreDevUnusedFiles": false,
    "babelSetting": {
      "ignore": [],
      "disablePlugins": [],
      "outputPath": ""
    },
    "enableEngineNative": false,
    "useIsolateContext": true,
    "userConfirmedBundleSwitch": false,
    "packNpmManually": false,
    "packNpmRelationList": [],
    "minifyWXSS": true,
    "disableUseStrict": false,
    "minifyWXML": true,
    "showES6CompileOption": false,
    "useCompilerPlugins": false,
    "ignoreUploadUnusedFiles": true,
    "useStaticServer": true,
    "condition": false
  },
  "compileType": "miniprogram",
  "libVersion": "2.23.1",
  "appid": "wx3117f9caba3d2109",
  "projectname": "tdesign-miniprogram-starter-retail",
  "simulatorType": "wechat",
  "simulatorPluginLibVersion": {},
  "condition": {
    "miniprogram": {
      "list": [
        {
          "name": "首页入口",
          "pathName": "pages/home/home",
          "query": "",
          "scene": null
        }
      ]
    }
  },
  "editorSetting": {
    "tabIndent": "insertSpaces",
    "tabSize": 2
  }
}