{
  "navigationBarTitleText": "首页",
  "onReachBottomDistance": 10,
  "backgroundTextStyle": "light",
  "enablePullDownRefresh": false,
  "usingComponents": {
    "t-loading": "tdesign-miniprogram/loading/loading",
    "t-swiper": "tdesign-miniprogram/swiper/swiper",
    "t-swiper-nav": "tdesign-miniprogram/swiper-nav/swiper-nav",
    "t-image": "/components/webp-image/index",
    "t-icon": "tdesign-miniprogram/icon/icon",
    "t-toast": "tdesign-miniprogram/toast/toast",
    "load-more": "/components/load-more/index",
    "t-col": "tdesign-miniprogram/col/col",
    "t-row": "tdesign-miniprogram/row/row",
    "t-notice-bar": "tdesign-miniprogram/notice-bar/notice-bar",
    "t-grid": "tdesign-miniprogram/grid/grid",
    "t-grid-item": "tdesign-miniprogram/grid-item/grid-item",
    "t-input": "tdesign-miniprogram/input/input"
  }
}